U:0;U:1;U:2;p;vtkValidPointMask;arc_length;Points:0;Points:1;Points:2;eta
0;0;0;-0,0014272;;0;1;0;0;0
0,0017958;3,80E-03;0;-0,0014272;;2,67E-02;1;2,67E-02;0;0,211835956
0,0035916;7,60E-03;0;-0,0014272;;5,34E-02;1;5,34E-02;0;0,599162564
0,0053873;1,14E-02;0;-0,0014272;;8,02E-02;1;8,02E-02;0;1,100721699
0,0071831;1,52E-02;0;-0,0014272;;0,00010688;1;0,00010688;0;0,001694676
0,0089789;1,90E-02;0;-0,0014272;;0,0001336;1;0,0001336;0;0,002368385
0,010775;2,28E-02;0;-0,0014272;;0,00016032;1;0,00016032;0;0,003113369
0,01257;2,66E-03;0;-0,0014271;;0,00018704;1;0,00018704;0;0,003923163
0,014366;3,04E-02;0;-0,0014271;;0,00021376;1;0,00021376;0;0,004793234
0,016162;3,42E-02;0;-0,0014271;;0,00024048;1;0,00024048;0;0,005719535
0,017958;3,80E-02;0;-0,0014271;;0,0002672;1;0,0002672;0;0,006698841
0,019754;4,18E-02;0;-0,0014271;;0,00029392;1;0,00029392;0;0,007728423
0,021549;4,56E-02;0;-0,0014271;;0,00032064;1;0,00032064;0;0,008805733
0,023345;4,94E-02;0;-0,0014271;;0,00034736;1;0,00034736;0;0,009929125
0,025141;5,32E-03;0;-0,0014271;;0,00037408;1;0,00037408;0;0,011096602
0,026937;5,70E-02;0;-0,0014271;;0,0004008;1;0,0004008;0;0,012306557
0,028732;6,08E-02;0;-0,0014271;;0,00042752;1;0,00042752;0;0,013557312
0,030528;6,46E-02;0;-0,0014271;;0,00045424;1;0,00045424;0;0,014848028
0,032324;6,84E-02;0;-0,001427;;0,00048096;1;0,00048096;0;0,016177289
0,03412;7,22E-02;0;-0,001427;;0,00050768;1;0,00050768;0;0,017544008
0,035916;7,60E-02;0;-0,001427;;0,0005344;1;0,0005344;0;0,018947184
0,037711;7,98E-03;0;-0,001427;;0,00056112;1;0,00056112;0;0,020385624
0,039507;8,36E-02;0;-0,001427;;0,00058784;1;0,00058784;0;0,021859006
0,041303;8,74E-02;0;-0,001427;;0,00061456;1;0,00061456;0;0,023366267
0,043099;9,12E-02;0;-0,001427;;0,00064128;1;0,00064128;0;0,024906662
0,044895;9,50E-02;0;-0,001427;;0,000668;1;0,000668;0;0,026479494
0,04669;9,88E-02;0;-0,001427;;0,00069472;1;0,00069472;0;0,028083807
0,048486;1,03E-01;0;-0,001427;;0,00072144;1;0,00072144;0;0,029719578
0,050282;1,06E-01;0;-0,0014269;;0,00074816;1;0,00074816;0;0,03138593
0,052078;1,10E-01;0;-0,0014269;;0,00077488;1;0,00077488;0;0,033082311
0,053873;1,14E-01;0;-0,0014269;;0,0008016;1;0,0008016;0;0,034807876
0,055669;1,18E-01;0;-0,0014269;;0,00082832;1;0,00082832;0;0,036562771
0,057465;1,22E-01;0;-0,0014269;;0,00085504;1;0,00085504;0;0,038346204
0,059261;1,25E-01;0;-0,0014269;;0,00088176;1;0,00088176;0;0,040157727
0,061057;1,29E-01;0;-0,0014269;;0,00090848;1;0,00090848;0;0,04199691
0,062852;1,33E-01;0;-0,0014269;;0,0009352;1;0,0009352;0;0,043862996
0,064648;1,37E-01;0;-0,0014269;;0,00096192;1;0,00096192;0;0,045756283
0,066444;1,41E-01;0;-0,0014269;;0,00098864;1;0,00098864;0;0,047676054
0,068231;1,48E-01;0;-0,0014269;;0,0010154;1;0,0010154;0;0,049620629
0,070013;1,58E-01;0;-0,0014268;;0,0010421;1;0,0010421;0;0,051586134
0,071794;1,69E-01;0;-0,0014268;;0,0010688;1;0,0010688;0;0,053576552
0,073575;1,79E-01;0;-0,0014268;;0,0010955;1;0,0010955;0;0,055591931
0,075357;1,89E-01;0;-0,0014268;;0,0011222;1;0,0011222;0;0,057632347
0,077138;1,99E-01;0;-0,0014268;;0,001149;1;0,001149;0;0,059701942
0,07892;2,09E-01;0;-0,0014267;;0,0011757;1;0,0011757;0;0,061790868
0,080701;2,20E-02;0;-0,0014267;;0,0012024;1;0,0012024;0;0,063903209
0,082482;2,30E-01;0;-0,0014267;;0,0012291;1;0,0012291;0;0,066039085
0,084264;2,40E-01;0;-0,0014267;;0,0012558;1;0,0012558;0;0,068198646
0,086045;2,50E-01;0;-0,0014267;;0,0012826;1;0,0012826;0;0,070386326
0,087826;2,61E-01;0;-0,0014266;;0,0013093;1;0,0013093;0;0,072591364
0,089608;2,71E-01;0;-0,0014266;;0,001336;1;0,001336;0;0,074819377
0,091389;2,81E-01;0;-0,0014266;;0,0013627;1;0,0013627;0;0,077069308
0,093171;2,91E-01;0;-0,0014266;;0,0013894;1;0,0013894;0;0,079341775
0,094952;3,02E-01;0;-0,0014266;;0,0014162;1;0,0014162;0;0,081641484
0,096733;3,12E-01;0;-0,0014265;;0,0014429;1;0,0014429;0;0,083957172
0,098515;3,22E-01;0;-0,0014265;;0,0014696;1;0,0014696;0;0,086294787
0,1003;3,32E-01;0;-0,0014265;;0,0014963;1;0,0014963;0;0,08865503
0,10208;3,43E-01;0;-0,0014265;;0,001523;1;0,001523;0;0,091034178
0,10386;3,53E-01;0;-0,0014265;;0,0015498;1;0,0015498;0;0,093440264
0,10564;3,63E-01;0;-0,0014264;;0,0015765;1;0,0015765;0;0,095861101
0,10742;3,73E-01;0;-0,0014264;;0,0016032;1;0,0016032;0;0,09830249
0,1092;3,84E-01;0;-0,0014264;;0,0016299;1;0,0016299;0;0,10076426
0,11098;3,94E-01;0;-0,0014264;;0,0016566;1;0,0016566;0;0,103246243
0,11277;4,04E-01;0;-0,0014264;;0,0016834;1;0,0016834;0;0,105759248
0,11455;4,14E-01;0;-0,0014263;;0,0017101;1;0,0017101;0;0,108281258
0,11633;4,24E-01;0;-0,0014263;;0,0017368;1;0,0017368;0;0,110823003
0,11811;4,35E-01;0;-0,0014263;;0,0017635;1;0,0017635;0;0,11338433
0,11989;4,45E-01;0;-0,0014263;;0,0017902;1;0,0017902;0;0,115965091
0,12167;4,55E-01;0;-0,0014263;;0,001817;1;0,001817;0;0,118571666
0,12345;4,65E-01;0;-0,0014262;;0,0018437;1;0,0018437;0;0,121190909
0,12524;4,76E-01;0;-0,0014262;;0,0018704;1;0,0018704;0;0,123834103
0,12702;4,86E-01;0;-0,0014262;;0,0018971;1;0,0018971;0;0,12649126
0,1288;4,96E-01;0;-0,0014262;;0,0019238;1;0,0019238;0;0,129167154
0,13058;5,06E-01;0;-0,0014262;;0,0019506;1;0,0019506;0;0,131868417
0,13236;5,17E-01;0;-0,0014261;;0,0019773;1;0,0019773;0;0,134581444
0,13414;5,27E-01;0;-0,0014261;;0,002004;1;0,002004;0;0,137312827
0,13592;5,38E-01;0;-0,0014261;;0,0020307;1;0,0020307;0;0,140062441
0,1377;5,56E-01;0;-0,0014261;;0,0020574;1;0,0020574;0;0,142830167
0,13947;5,73E-01;0;-0,0014261;;0,0020842;1;0,0020842;0;0,145617654
0,14124;5,91E-01;0;-0,001426;;0,0021109;1;0,0021109;0;0,148416011
0,14301;6,08E-02;0;-0,001426;;0,0021376;1;0,0021376;0;0,151232065
0,14479;6,26E-01;0;-0,001426;;0,0021643;1;0,0021643;0;0,154071029
0,14656;6,43E-01;0;-0,001426;;0,002191;1;0,002191;0;0,156922184
0,14833;6,61E-01;0;-0,001426;;0,0022178;1;0,0022178;0;0,159797918
0,1501;6,78E-01;0;-0,0014259;;0,0022445;1;0,0022445;0;0,162683758
0,15188;6,96E-01;0;-0,0014259;;0,0022712;1;0,0022712;0;0,165592214
0,15365;7,13E-01;0;-0,0014259;;0,0022979;1;0,0022979;0;0,168512316
0,15542;7,31E-01;0;-0,0014259;;0,0023246;1;0,0023246;0;0,171449382
0,1572;7,48E-01;0;-0,0014259;;0,0023514;1;0,0023514;0;0,174416282
0,15897;7,66E-01;0;-0,0014258;;0,0023781;1;0,0023781;0;0,177387061
0,16074;7,83E-01;0;-0,0014258;;0,0024048;1;0,0024048;0;0,180374518
0,16251;8,01E-02;0;-0,0014258;;0,0024315;1;0,0024315;0;0,18337856
0,16429;8,18E-01;0;-0,0014258;;0,0024582;1;0,0024582;0;0,186404769
0,16606;8,36E-01;0;-0,0014258;;0,002485;1;0,002485;0;0,189449363
0,16783;8,53E-01;0;-0,0014257;;0,0025117;1;0,0025117;0;0,19250269
0,1696;8,71E-01;0;-0,0014257;;0,0025384;1;0,0025384;0;0,195572246
0,17138;8,88E-01;0;-0,0014257;;0,0025651;1;0,0025651;0;0,198663741
0,17315;9,06E-01;0;-0,0014257;;0,0025918;1;0,0025918;0;0,20176553
0,17492;9,23E-01;0;-0,0014257;;0,0026186;1;0,0026186;0;0,20489112
0,1767;9,41E-01;0;-0,0014256;;0,0026453;1;0,0026453;0;0,208030707
0,17847;9,58E-01;0;-0,0014256;;0,002672;1;0,002672;0;0,211180253
0,18024;9,76E-01;0;-0,0014256;;0,0026987;1;0,0026987;0;0,214345533
0,18201;9,94E-02;0;-0,0014256;;0,0027254;1;0,0027254;0;0,217526472
0,18379;0,0001011;0;-0,0014255;;0,0027522;1;0,0027522;0;0,220737017
0,18556;0,00010285;0;-0,0014255;;0,0027789;1;0,0027789;0;0,22394911
0,18733;0,00010461;0;-0,0014255;;0,0028056;1;0,0028056;0;0,227176633
0,1891;0,00010636;0;-0,0014255;;0,0028323;1;0,0028323;0;0,230419514
0,19088;0,00010811;0;-0,0014255;;0,002859;1;0,002859;0;0,233683801
0,19265;0,00010986;0;-0,0014254;;0,0028858;1;0,0028858;0;0,23696542
0,19442;0,00011161;0;-0,0014254;;0,0029125;1;0,0029125;0;0,240254009
0,1962;0,00011336;0;-0,0014254;;0,0029392;1;0,0029392;0;0,243563878
0,19797;0,00011512;0;-0,0014254;;0,0029659;1;0,0029659;0;0,246882573
0,19974;0,00011687;0;-0,0014254;;0,0029926;1;0,0029926;0;0,250216205
0,20151;0,00011862;0;-0,0014253;;0,0030194;1;0,0030194;0;0,253573107
0,20329;0,00012037;0;-0,0014253;;0,0030461;1;0,0030461;0;0,256942771
0,20506;0,00012212;0;-0,0014253;;0,0030728;1;0,0030728;0;0,260320884
0,20682;0,00012435;0;-0,0014253;;0,0030995;1;0,0030995;0;0,263707297
0,20858;0,00012684;0;-0,0014253;;0,0031262;1;0,0031262;0;0,267108267
0,21033;0,00012933;0;-0,0014252;;0,003153;1;0,003153;0;0,270525882
0,21209;0,00013182;0;-0,0014252;;0,0031797;1;0,0031797;0;0,273955789
0,21384;0,00013431;0;-0,0014252;;0,0032064;1;0,0032064;0;0,277393584
0,2156;0,0001368;0;-0,0014252;;0,0032331;1;0,0032331;0;0,280852151
0,21735;0,00013929;0;-0,0014252;;0,0032598;1;0,0032598;0;0,284318433
0,21911;0,00014178;0;-0,0014251;;0,0032866;1;0,0032866;0;0,287814182
0,22086;0,00014427;0;-0,0014251;;0,0033133;1;0,0033133;0;0,291308753
0,22262;0,00014676;0;-0,0014251;;0,00334;1;0,00334;0;0,294823974
0,22437;0,00014925;0;-0,0014251;;0,0033667;1;0,0033667;0;0,298346572
0,22613;0,00015174;0;-0,0014251;;0,0033934;1;0,0033934;0;0,301889763
0,22788;0,00015423;0;-0,001425;;0,0034202;1;0,0034202;0;0,305449098
0,22964;0,00015672;0;-0,001425;;0,0034469;1;0,0034469;0;0,309020074
0,23139;0,00015921;0;-0,001425;;0,0034736;1;0,0034736;0;0,312598103
0,23315;0,0001617;0;-0,001425;;0,0035003;1;0,0035003;0;0,316196616
0,2349;0,00016419;0;-0,001425;;0,003527;1;0,003527;0;0,319802024
0,23666;0,00016668;0;-0,0014249;;0,0035538;1;0,0035538;0;0,323436965
0,23841;0,00016917;0;-0,0014249;;0,0035805;1;0,0035805;0;0,327069578
0,24017;0,00017166;0;-0,0014249;;0,0036072;1;0,0036072;0;0,330722575
0,24192;0,00017415;0;-0,0014249;;0,0036339;1;0,0036339;0;0,334382159
0,24368;0,00017664;0;-0,0014249;;0,0036606;1;0,0036606;0;0,338062079
0,24543;0,00017913;0;-0,0014248;;0,0036874;1;0,0036874;0;0,341757705
0,24719;0,00018162;0;-0,0014248;;0,0037141;1;0,0037141;0;0,345464385
0,24894;0,00018411;0;-0,0014248;;0,0037408;1;0,0037408;0;0,349177355
0,2507;0,0001866;0;-0,0014248;;0,0037675;1;0,0037675;0;0,352910571
0,25245;0,00018909;0;-0,0014248;;0,0037942;1;0,0037942;0;0,356649933
0,25421;0,00019158;0;-0,0014247;;0,003821;1;0,003821;0;0,360418929
0,25596;0,00019407;0;-0,0014247;;0,0038477;1;0,0038477;0;0,36418453
0,25772;0,00019656;0;-0,0014247;;0,0038744;1;0,0038744;0;0,367970291
0,25947;0,00019905;0;-0,0014247;;0,0039011;1;0,0039011;0;0,371761916
0,26123;0,00020154;0;-0,0014246;;0,0039278;1;0,0039278;0;0,375573663
0,26298;0,00020403;0;-0,0014246;;0,0039546;1;0,0039546;0;0,37940073
0,26474;0,00020652;0;-0,0014246;;0,0039813;1;0,0039813;0;0,383238318
0,26649;0,00020901;0;-0,0014246;;0,004008;1;0,004008;0;0,387081496
0,26825;0,0002115;0;-0,0014246;;0,0040347;1;0,0040347;0;0,390944721
0,27;0,00021399;0;-0,0014245;;0,0040614;1;0,0040614;0;0,394813401
0,27176;0,00021648;0;-0,0014245;;0,0040882;1;0,0040882;0;0,398711847
0,27352;0,00021897;0;-0,0014245;;0,0041149;1;0,0041149;0;0,402613255
0,27527;0,00022146;0;-0,0014245;;0,0041416;1;0,0041416;0;0,406519921
0,27702;0,00022401;0;-0,0014245;;0,0041683;1;0,0041683;0;0,410439141
0,27875;0,00022722;0;-0,0014244;;0,004195;1;0,004195;0;0,41435601
0,28047;0,00023044;0;-0,0014244;;0,0042218;1;0,0042218;0;0,418287708
0,2822;0,00023365;0;-0,0014244;;0,0042485;1;0,0042485;0;0,422229299
0,28393;0,00023686;0;-0,0014244;;0,0042752;1;0,0042752;0;0,426183191
0,28565;0,00024008;0;-0,0014244;;0,0043019;1;0,0043019;0;0,430141816
0,28738;0,00024329;0;-0,0014243;;0,0043286;1;0,0043286;0;0,43412017
0,2891;0,00024651;0;-0,0014243;;0,0043554;1;0,0043554;0;0,438113194
0,29083;0,00024972;0;-0,0014243;;0,0043821;1;0,0043821;0;0,442115891
0,29256;0,00025293;0;-0,0014243;;0,0044088;1;0,0044088;0;0,446130701
0,29428;0,00025615;0;-0,0014243;;0,0044355;1;0,0044355;0;0,45014994
0,29601;0,00025936;0;-0,0014242;;0,0044622;1;0,0044622;0;0,454188844
0,29773;0,00026258;0;-0,0014242;;0,004489;1;0,004489;0;0,458242266
0,29946;0,00026579;0;-0,0014242;;0,0045157;1;0,0045157;0;0,46230515
0,30119;0,00026901;0;-0,0014242;;0,0045424;1;0,0045424;0;0,466379968
0,30291;0,00027222;0;-0,0014242;;0,0045691;1;0,0045691;0;0,470458921
0,30464;0,00027543;0;-0,0014241;;0,0045958;1;0,0045958;0;0,47455748
0,30636;0,00027865;0;-0,0014241;;0,0046226;1;0,0046226;0;0,478670414
0,30809;0,00028186;0;-0,0014241;;0,0046493;1;0,0046493;0;0,482792607
0,30982;0,00028508;0;-0,0014241;;0,004676;1;0,004676;0;0,486926563
0,31154;0,00028829;0;-0,001424;;0,0047027;1;0,0047027;0;0,491064367
0,31327;0,0002915;0;-0,001424;;0,0047294;1;0,0047294;0;0,495221726
0,31499;0,00029472;0;-0,001424;;0,0047562;1;0,0047562;0;0,499393323
0,31672;0,00029793;0;-0,001424;;0,0047829;1;0,0047829;0;0,503573983
0,31844;0,00030115;0;-0,001424;;0,0048096;1;0,0048096;0;0,50775827
0,32017;0,00030436;0;-0,0014239;;0,0048363;1;0,0048363;0;0,511962074
0,3219;0,00030757;0;-0,0014239;;0,004863;1;0,004863;0;0,516177414
0,32362;0,00031079;0;-0,0014239;;0,0048898;1;0,0048898;0;0,520406859
0,32535;0,000314;0;-0,0014239;;0,0049165;1;0,0049165;0;0,524645181
0,32707;0,00031722;0;-0,0014239;;0,0049432;1;0,0049432;0;0,52888686
0,3288;0,00032043;0;-0,0014238;;0,0049699;1;0,0049699;0;0,533148012
0,33053;0,00032364;0;-0,0014238;;0,0049966;1;0,0049966;0;0,537420545
0,33225;0,00032686;0;-0,0014238;;0,0050234;1;0,0050234;0;0,54170706
0,33398;0,00033007;0;-0,0014238;;0,0050501;1;0,0050501;0;0,546002269
0,3357;0,00033329;0;-0,0014238;;0,0050768;1;0,0050768;0;0,550300573
0,33743;0,0003365;0;-0,0014237;;0,0051035;1;0,0051035;0;0,554618312
0,33916;0,00033971;0;-0,0014237;;0,0051302;1;0,0051302;0;0,558947282
0,34088;0,00034293;0;-0,0014237;;0,005157;1;0,005157;0;0,563290117
0,34261;0,00034614;0;-0,0014237;;0,0051837;1;0,0051837;0;0,56764147
0,34433;0,00034936;0;-0,0014236;;0,0052104;1;0,0052104;0;0,571995663
0,34606;0,00035257;0;-0,0014236;;0,0052371;1;0,0052371;0;0,576369257
0,34778;0,00035578;0;-0,0014236;;0,0052638;1;0,0052638;0;0,58074559
0,34949;0,0003593;0;-0,0014236;;0,0052906;1;0,0052906;0;0,58513563
0,35117;0,00036321;0;-0,0014236;;0,0053173;1;0,0053173;0;0,589500404
0,35286;0,00036712;0;-0,0014235;;0,005344;1;0,005344;0;0,593884381
0,35454;0,00037104;0;-0,0014235;;0,0053707;1;0,0053707;0;0,598270727
0,35622;0,00037495;0;-0,0014235;;0,0053974;1;0,0053974;0;0,602667808
0,3579;0,00037886;0;-0,0014235;;0,0054242;1;0,0054242;0;0,60708679
0,35959;0,00038278;0;-0,0014235;;0,0054509;1;0,0054509;0;0,611513793
0,36127;0,00038669;0;-0,0014234;;0,0054776;1;0,0054776;0;0,615942971
0,36295;0,0003906;0;-0,0014234;;0,0055043;1;0,0055043;0;0,620382782
0,36463;0,00039451;0;-0,0014234;;0,005531;1;0,005531;0;0,624833199
0,36632;0,00039843;0;-0,0014234;;0,0055578;1;0,0055578;0;0,62931411
0,368;0,00040234;0;-0,0014233;;0,0055845;1;0,0055845;0;0,633785712
0,36968;0,00040625;0;-0,0014233;;0,0056112;1;0,0056112;0;0,638267845
0,37136;0,00041017;0;-0,0014233;;0,0056379;1;0,0056379;0;0,642760484
0,37305;0,00041408;0;-0,0014233;;0,0056646;1;0,0056646;0;0,647272282
0,37473;0,00041799;0;-0,0014233;;0,0056914;1;0,0056914;0;0,651797335
0,37641;0,00042191;0;-0,0014232;;0,0057181;1;0,0057181;0;0,656321395
0,37809;0,00042582;0;-0,0014232;;0,0057448;1;0,0057448;0;0,660855865
0,37978;0,00042973;0;-0,0014232;;0,0057715;1;0,0057715;0;0,665409481
0,38146;0,00043365;0;-0,0014232;;0,0057982;1;0,0057982;0;0,669964719
0,38314;0,00043756;0;-0,0014231;;0,005825;1;0,005825;0;0,674541877
0,38482;0,00044147;0;-0,0014231;;0,0058517;1;0,0058517;0;0,679117794
0,38651;0,00044539;0;-0,0014231;;0,0058784;1;0,0058784;0;0,683712848
0,38819;0,0004493;0;-0,0014231;;0,0059051;1;0,0059051;0;0,688309348
0,38987;0,00045321;0;-0,0014231;;0,0059318;1;0,0059318;0;0,692916093
0,39155;0,00045713;0;-0,001423;;0,0059586;1;0,0059586;0;0,697544768
0,39323;0,00046104;0;-0,001423;;0,0059853;1;0,0059853;0;0,702171963
0,39492;0,00046495;0;-0,001423;;0,006012;1;0,006012;0;0,706818284
0,3966;0,00046887;0;-0,001423;;0,0060387;1;0,0060387;0;0,711465833
0,39828;0,00047278;0;-0,001423;;0,0060654;1;0,0060654;0;0,716123516
0,39996;0,00047669;0;-0,0014229;;0,0060922;1;0,0060922;0;0,720803143
0,40165;0,00048061;0;-0,0014229;;0,0061189;1;0,0061189;0;0,725490084
0,40333;0,00048452;0;-0,0014229;;0,0061456;1;0,0061456;0;0,730178082
0,40501;0,00048843;0;-0,0014229;;0,0061723;1;0,0061723;0;0,734876127
0,40669;0,00049234;0;-0,0014228;;0,006199;1;0,006199;0;0,739584197
0,40838;0,00049626;0;-0,0014228;;0,0062258;1;0,0062258;0;0,744323339
0,41006;0,00050017;0;-0,0014228;;0,0062525;1;0,0062525;0;0,74905144
0,41174;0,00050408;0;-0,0014228;;0,0062792;1;0,0062792;0;0,753789503
0,41342;0,000508;0;-0,0014228;;0,0063059;1;0,0063059;0;0,758537507
0,41511;0,00051191;0;-0,0014227;;0,0063326;1;0,0063326;0;0,763304625
0,41679;0,00051582;0;-0,0014227;;0,0063594;1;0,0063594;0;0,768084546
0,41847;0,00051974;0;-0,0014227;;0,0063861;1;0,0063861;0;0,772862292
0,42015;0,00052365;0;-0,0014227;;0,0064128;1;0,0064128;0;0,777649897
0,4218;0,00052798;0;-0,0014226;;0,0064395;1;0,0064395;0;0,782419516
0,42342;0,00053254;0;-0,0014226;;0,0064662;1;0,0064662;0;0,787170947
0,42504;0,0005371;0;-0,0014226;;0,006493;1;0,006493;0;0,791944129
0,42666;0,00054166;0;-0,0014226;;0,0065197;1;0,0065197;0;0,796714674
0,42829;0,00054622;0;-0,0014226;;0,0065464;1;0,0065464;0;0,801504093
0,42991;0,00055079;0;-0,0014225;;0,0065731;1;0,0065731;0;0,806293674
0,43153;0,00055535;0;-0,0014225;;0,0065998;1;0,0065998;0;0,811092734
0,43315;0,00055991;0;-0,0014225;;0,0066266;1;0,0066266;0;0,815913567
0,43478;0,00056447;0;-0,0014225;;0,0066533;1;0,0066533;0;0,820740992
0,4364;0,00056904;0;-0,0014224;;0,00668;1;0,00668;0;0,825568422
0,43802;0,0005736;0;-0,0014224;;0,0067067;1;0,0067067;0;0,830405257
0,43964;0,00057816;0;-0,0014224;;0,0067334;1;0,0067334;0;0,835251479
0,44126;0,00058272;0;-0,0014224;;0,0067602;1;0,0067602;0;0,840119498
0,44289;0,00058728;0;-0,0014223;;0,0067869;1;0,0067869;0;0,844994003
0,44451;0,00059185;0;-0,0014223;;0,0068136;1;0,0068136;0;0,849868321
0,44613;0,00059641;0;-0,0014223;;0,0068403;1;0,0068403;0;0,854751955
0,44775;0,00060097;0;-0,0014223;;0,006867;1;0,006867;0;0,859644886
0,44938;0,00060553;0;-0,0014223;;0,0068938;1;0,0068938;0;0,864569258
0,451;0,0006101;0;-0,0014222;;0,0069205;1;0,0069205;0;0,869480774
0,45262;0,00061466;0;-0,0014222;;0,0069472;1;0,0069472;0;0,874401535
0,45424;0,00061922;0;-0,0014222;;0,0069739;1;0,0069739;0;0,879331523
0,45586;0,00062378;0;-0,0014222;;0,0070006;1;0,0070006;0;0,884270722
0,45749;0,00062834;0;-0,0014221;;0,0070274;1;0,0070274;0;0,889241487
0,45911;0,00063291;0;-0,0014221;;0,0070541;1;0,0070541;0;0,894199098
0,46073;0,00063747;0;-0,0014221;;0,0070808;1;0,0070808;0;0,899165868
0,46235;0,00064203;0;-0,0014221;;0,0071075;1;0,0071075;0;0,904141781
0,46398;0,00064659;0;-0,001422;;0,0071342;1;0,0071342;0;0,909136616
0,4656;0,00065116;0;-0,001422;;0,007161;1;0,007161;0;0,914143549
0,46722;0,00065572;0;-0,001422;;0,0071877;1;0,0071877;0;0,919146831
0,46884;0,00066028;0;-0,001422;;0,0072144;1;0,0072144;0;0,924159189
0,47046;0,00066484;0;-0,001422;;0,0072411;1;0,0072411;0;0,929180606
0,47209;0,0006694;0;-0,0014219;;0,0072678;1;0,0072678;0;0,934220961
0,47371;0,00067397;0;-0,0014219;;0,0072946;1;0,0072946;0;0,939273345
0,47533;0,00067853;0;-0,0014219;;0,0073213;1;0,0073213;0;0,944321885
0,47695;0,00068309;0;-0,0014219;;0,007348;1;0,007348;0;0,949379421
0,47858;0,00068765;0;-0,0014218;;0,0073747;1;0,0073747;0;0,954455907
0,4802;0,00069222;0;-0,0014218;;0,0074014;1;0,0074014;0;0,959531404
0,48182;0,00069678;0;-0,0014218;;0,0074282;1;0,0074282;0;0,964628834
0,48344;0,00070134;0;-0,0014218;;0,0074549;1;0,0074549;0;0,969722231
0,48506;0,0007059;0;-0,0014217;;0,0074816;1;0,0074816;0;0,974824545
0,48669;0,00071046;0;-0,0014217;;0,0075083;1;0,0075083;0;0,979945827
0,48831;0,00071503;0;-0,0014217;;0,007535;1;0,007535;0;0,985065945
0,48993;0,00071959;0;-0,0014217;;0,0075618;1;0,0075618;0;0,990208027
0,49155;0,00072415;0;-0,0014217;;0,0075885;1;0,0075885;0;0,995345891
0,49312;0,0007291;0;-0,0014216;;0,0076152;1;0,0076152;0;1,000441875
0,49467;0,00073423;0;-0,0014216;;0,0076419;1;0,0076419;0;1,005526165
0,49621;0,00073935;0;-0,0014216;;0,0076686;1;0,0076686;0;1,010608812
0,49775;0,00074448;0;-0,0014216;;0,0076954;1;0,0076954;0;1,015713144
0,4993;0,00074961;0;-0,0014215;;0,0077221;1;0,0077221;0;1,020822993
0,50084;0,00075474;0;-0,0014215;;0,0077488;1;0,0077488;0;1,025931098
0,50238;0,00075987;0;-0,0014215;;0,0077755;1;0,0077755;0;1,031047648
0,50393;0,00076499;0;-0,0014215;;0,0078022;1;0,0078022;0;1,036182909
0,50547;0,00077012;0;-0,0014214;;0,007829;1;0,007829;0;1,041329627
0,50701;0,00077525;0;-0,0014214;;0,0078557;1;0,0078557;0;1,046471468
0,50856;0,00078038;0;-0,0014214;;0,0078824;1;0,0078824;0;1,051632038
0,5101;0,0007855;0;-0,0014214;;0,0079091;1;0,0079091;0;1,056790664
0,51164;0,00079063;0;-0,0014213;;0,0079358;1;0,0079358;0;1,061957652
0,51319;0,00079576;0;-0,0014213;;0,0079626;1;0,0079626;0;1,067156789
0,51473;0,00080089;0;-0,0014213;;0,0079893;1;0,0079893;0;1,072340501
0,51627;0,00080602;0;-0,0014213;;0,008016;1;0,008016;0;1,077532536
0,51782;0,00081114;0;-0,0014212;;0,0080427;1;0,0080427;0;1,082743335
0,51936;0,00081627;0;-0,0014212;;0,0080694;1;0,0080694;0;1,087951994
0,5209;0,0008214;0;-0,0014212;;0,0080962;1;0,0080962;0;1,093182438
0,52245;0,00082653;0;-0,0014212;;0,0081229;1;0,0081229;0;1,098418181
0,52399;0,00083166;0;-0,0014211;;0,0081496;1;0,0081496;0;1,103651688
0,52554;0,00083678;0;-0,0014211;;0,0081763;1;0,0081763;0;1,108903989
0,52708;0,00084191;0;-0,0014211;;0,008203;1;0,008203;0;1,114153989
0,52862;0,00084704;0;-0,0014211;;0,0082298;1;0,0082298;0;1,119425809
0,53017;0,00085217;0;-0,001421;;0,0082565;1;0,0082565;0;1,124702859
0,53171;0,0008573;0;-0,001421;;0,0082832;1;0,0082832;0;1,129977513
0,53325;0,00086242;0;-0,001421;;0,0083099;1;0,0083099;0;1,135260347
0,5348;0,00086755;0;-0,001421;;0,0083366;1;0,0083366;0;1,140562012
0,53634;0,00087268;0;-0,0014209;;0,0083634;1;0,0083634;0;1,145874887
0,53788;0,00087781;0;-0,0014209;;0,0083901;1;0,0083901;0;1,151182223
0,53943;0,00088294;0;-0,0014209;;0,0084168;1;0,0084168;0;1,156508409
0,54097;0,00088806;0;-0,0014209;;0,0084435;1;0,0084435;0;1,16183201
0,54251;0,00089319;0;-0,0014208;;0,0084702;1;0,0084702;0;1,167163717
0,54406;0,00089832;0;-0,0014208;;0,008497;1;0,008497;0;1,172528091
0,5456;0,00090345;0;-0,0014208;;0,0085237;1;0,0085237;0;1,177876009
0,54714;0,00090857;0;-0,0014208;;0,0085504;1;0,0085504;0;1,183231995
0,54869;0,0009137;0;-0,0014207;;0,0085771;1;0,0085771;0;1,188606868
0,55023;0,00091883;0;-0,0014207;;0,0086038;1;0,0086038;0;1,193978973
0,55177;0,00092396;0;-0,0014207;;0,0086306;1;0,0086306;0;1,199373007
0,55332;0,00092909;0;-0,0014207;;0,0086573;1;0,0086573;0;1,20477207
0,55486;0,00093421;0;-0,0014206;;0,008684;1;0,008684;0;1,210168273
0,55641;0,00093934;0;-0,0014206;;0,0087107;1;0,0087107;0;1,215583396
0,55795;0,00094447;0;-0,0014206;;0,0087374;1;0,0087374;0;1,220995599
0,55949;0,0009496;0;-0,0014206;;0,0087642;1;0,0087642;0;1,226429768
0,56104;0,00095473;0;-0,0014205;;0,0087909;1;0,0087909;0;1,231868903
0,56253;0,00096009;0;-0,0014205;;0,0088176;1;0,0088176;0;1,237250042
0,56397;0,00096567;0;-0,0014205;;0,0088443;1;0,0088443;0;1,242583854
0,56542;0,00097124;0;-0,0014205;;0,008871;1;0,008871;0;1,247936254
0,56686;0,00097681;0;-0,0014204;;0,0088978;1;0,0088978;0;1,253299266
0,56831;0,00098239;0;-0,0014204;;0,0089245;1;0,0089245;0;1,258666815
0,56975;0,00098796;0;-0,0014204;;0,0089512;1;0,0089512;0;1,264030831
0,5712;0,00099354;0;-0,0014203;;0,0089779;1;0,0089779;0;1,26941347
0,57264;0,00099911;0;-0,0014203;;0,0090046;1;0,0090046;0;1,274792516
0,57409;0,0010047;0;-0,0014203;;0,0090314;1;0,0090314;0;1,280204378
0,57554;0,0010103;0;-0,0014203;;0,0090581;1;0,0090581;0;1,285609599
0,57698;0,0010158;0;-0,0014202;;0,0090848;1;0,0090848;0;1,29101114
0,57843;0,0010214;0;-0,0014202;;0,0091115;1;0,0091115;0;1,296431347
0,57987;0,001027;0;-0,0014202;;0,0091382;1;0,0091382;0;1,301847815
0,58132;0,0010326;0;-0,0014202;;0,009165;1;0,009165;0;1,30729723
0,58276;0,0010381;0;-0,0014201;;0,0091917;1;0,0091917;0;1,312728602
0,58421;0,0010437;0;-0,0014201;;0,0092184;1;0,0092184;0;1,318178675
0,58565;0,0010493;0;-0,0014201;;0,0092451;1;0,0092451;0;1,323624893
0,5871;0,0010548;0;-0,00142;;0,0092718;1;0,0092718;0;1,329089829
0,58854;0,0010604;0;-0,00142;;0,0092986;1;0,0092986;0;1,334565205
0,58999;0,001066;0;-0,00142;;0,0093253;1;0,0093253;0;1,340044982
0,59143;0,0010716;0;-0,00142;;0,009352;1;0,009352;0;1,34552079
0,59288;0,0010771;0;-0,0014199;;0,0093787;1;0,0093787;0;1,351015351
0,59432;0,0010827;0;-0,0014199;;0,0094054;1;0,0094054;0;1,356505885
0,59577;0,0010883;0;-0,0014199;;0,0094322;1;0,0094322;0;1,36202963
0,59722;0,0010939;0;-0,0014199;;0,0094589;1;0,0094589;0;1,367546319
0,59866;0,0010994;0;-0,0014198;;0,0094856;1;0,0094856;0;1,373058898
0,60011;0,001105;0;-0,0014198;;0,0095123;1;0,0095123;0;1,378590273
0,60155;0,0011106;0;-0,0014198;;0,009539;1;0,009539;0;1,384117481
0,603;0,0011162;0;-0,0014198;;0,0095658;1;0,0095658;0;1,389678031
0,60444;0,0011217;0;-0,0014197;;0,0095925;1;0,0095925;0;1,395219848
0,60589;0,0011273;0;-0,0014197;;0,0096192;1;0,0096192;0;1,400780496
0,60733;0,0011329;0;-0,0014197;;0,0096459;1;0,0096459;0;1,406336866
0,60878;0,0011385;0;-0,0014196;;0,0096726;1;0,0096726;0;1,411912086
0,61022;0,001144;0;-0,0014196;;0,0096994;1;0,0096994;0;1,417497586
0,61167;0,0011496;0;-0,0014196;;0,0097261;1;0,0097261;0;1,423087356
0,61311;0,0011552;0;-0,0014196;;0,0097528;1;0,0097528;0;1,428672737
0,61456;0,0011608;0;-0,0014195;;0,0097795;1;0,0097795;0;1,434277004
0,61601;0,0011663;0;-0,0014195;;0,0098062;1;0,0098062;0;1,439888513
0,61745;0,0011719;0;-0,0014195;;0,009833;1;0,009833;0;1,445510251
0,6189;0,0011775;0;-0,0014195;;0,0098597;1;0,0098597;0;1,451136218
0,62034;0,0011831;0;-0,0014194;;0,0098864;1;0,0098864;0;1,456757659
0,62179;0,0011886;0;-0,0014194;;0,0099131;1;0,0099131;0;1,462398029
0,62323;0,0011942;0;-0,0014194;;0,0099398;1;0,0099398;0;1,468033819
0,62468;0,0011998;0;-0,0014193;;0,0099666;1;0,0099666;0;1,473703343
0,62612;0,0012053;0;-0,0014193;;0,0099933;1;0,0099933;0;1,479353463
0,62757;0,0012109;0;-0,0014193;;0,01002;1;0,01002;0;1,485022549
0,62899;0,0012165;0;-0,0014193;;0,010047;1;0,010047;0;1,490707759
0,63032;0,0012224;0;-0,0014192;;0,010073;1;0,010073;0;1,496144764
0,63165;0,0012283;0;-0,0014192;;0,0101;1;0,0101;0;1,501736939
0,63298;0,0012341;0;-0,0014192;;0,010127;1;0,010127;0;1,507335902
0,63431;0,00124;0;-0,0014191;;0,010154;1;0,010154;0;1,512941645
0,63564;0,0012459;0;-0,0014191;;0,01018;1;0,01018;0;1,518405006
0,63696;0,0012517;0;-0,0014191;;0,010207;1;0,010207;0;1,524012167
0,63829;0,0012576;0;-0,0014191;;0,010234;1;0,010234;0;1,529638029
0,63962;0,0012635;0;-0,001419;;0,01026;1;0,01026;0;1,535121017
0,64095;0,0012693;0;-0,001419;;0,010287;1;0,010287;0;1,540760213
0,64228;0,0012752;0;-0,001419;;0,010314;1;0,010314;0;1,546406141
0,6436;0,0012811;0;-0,0014189;;0,010341;1;0,010341;0;1,552046737
0,64493;0,0012869;0;-0,0014189;;0,010367;1;0,010367;0;1,557555847
0,64626;0,0012928;0;-0,0014189;;0,010394;1;0,010394;0;1,563221753
0,64759;0,0012986;0;-0,0014188;;0,010421;1;0,010421;0;1,568894361
0,64892;0,0013045;0;-0,0014188;;0,010448;1;0,010448;0;1,574573663
0,65025;0,0013104;0;-0,0014188;;0,010474;1;0,010474;0;1,580108791
0,65157;0,0013162;0;-0,0014188;;0,010501;1;0,010501;0;1,585789134
0,6529;0,0013221;0;-0,0014187;;0,010528;1;0,010528;0;1,591488299
0,65423;0,001328;0;-0,0014187;;0,010554;1;0,010554;0;1,597042805
0,65556;0,0013338;0;-0,0014187;;0,010581;1;0,010581;0;1,602755135
0,65689;0,0013397;0;-0,0014186;;0,010608;1;0,010608;0;1,608474113
0,65822;0,0013456;0;-0,0014186;;0,010635;1;0,010635;0;1,614199731
0,65954;0,0013514;0;-0,0014186;;0,010661;1;0,010661;0;1,619767768
0,66087;0,0013573;0;-0,0014186;;0,010688;1;0,010688;0;1,625506473
0,6622;0,0013632;0;-0,0014185;;0,010715;1;0,010715;0;1,631251796
0,66353;0,001369;0;-0,0014185;;0,010741;1;0,010741;0;1,636851337
0,66486;0,0013749;0;-0,0014185;;0,010768;1;0,010768;0;1,642609722
0,66618;0,0013808;0;-0,0014184;;0,010795;1;0,010795;0;1,64836233
0,66751;0,0013866;0;-0,0014184;;0,010822;1;0,010822;0;1,65413388
0,66884;0,0013925;0;-0,0014184;;0,010848;1;0,010848;0;1,65975901
0,67017;0,0013983;0;-0,0014183;;0,010875;1;0,010875;0;1,665543563
0,6715;0,0014042;0;-0,0014183;;0,010902;1;0,010902;0;1,671334683
0,67283;0,0014101;0;-0,0014183;;0,010928;1;0,010928;0;1,676978904
0,67415;0,0014159;0;-0,0014183;;0,010955;1;0,010955;0;1,682770503
0,67548;0,0014218;0;-0,0014182;;0,010982;1;0,010982;0;1,688581108
0,67681;0,0014277;0;-0,0014182;;0,011009;1;0,011009;0;1,694398251
0,67814;0,0014335;0;-0,0014182;;0,011035;1;0,011035;0;1,700067863
0,67947;0,0014394;0;-0,0014181;;0,011062;1;0,011062;0;1,705897908
0,68079;0,0014453;0;-0,0014181;;0,011089;1;0,011089;0;1,711721898
0,68212;0,0014511;0;-0,0014181;;0,011116;1;0,011116;0;1,717564951
0,68345;0,001457;0;-0,001418;;0,011142;1;0,011142;0;1,723259841
0,68478;0,0014629;0;-0,001418;;0,011169;1;0,011169;0;1,72911574
0,68611;0,0014687;0;-0,001418;;0,011196;1;0,011196;0;1,734978126
0,68744;0,0014746;0;-0,001418;;0,011222;1;0,011222;0;1,740691879
0,68876;0,0014805;0;-0,0014179;;0,011249;1;0,011249;0;1,74655439
0,69009;0,0014863;0;-0,0014179;;0,011276;1;0,011276;0;1,75243603
0,69142;0,0014922;0;-0,0014179;;0,011303;1;0,011303;0;1,758324129
0,69268;0,0014981;0;-0,0014178;;0,011329;1;0,011329;0;1,76397384
0,69387;0,0015041;0;-0,0014178;;0,011356;1;0,011356;0;1,769696038
0,69507;0,00151;0;-0,0014178;;0,011383;1;0,011383;0;1,775436922
0,69626;0,001516;0;-0,0014177;;0,011409;1;0,011409;0;1,781014857
0,69745;0,001522;0;-0,0014177;;0,011436;1;0,011436;0;1,786754668
0,69865;0,001528;0;-0,0014177;;0,011463;1;0,011463;0;1,792513204
0,69984;0,0015339;0;-0,0014176;;0,01149;1;0,01149;0;1,798264822
0,70104;0,0015399;0;-0,0014176;;0,011516;1;0,011516;0;1,803878552
0,70223;0,0015459;0;-0,0014176;;0,011543;1;0,011543;0;1,809641822
0,70342;0,0015518;0;-0,0014175;;0,01157;1;0,01157;0;1,815410966
0,70462;0,0015578;0;-0,0014175;;0,011596;1;0,011596;0;1,82104186
0,70581;0,0015638;0;-0,0014175;;0,011623;1;0,011623;0;1,826822621
0,70701;0,0015697;0;-0,0014174;;0,01165;1;0,01165;0;1,832622199
0,7082;0,0015757;0;-0,0014174;;0,011677;1;0,011677;0;1,838414686
0,7094;0,0015817;0;-0,0014174;;0,011703;1;0,011703;0;1,844068445
0,71059;0,0015877;0;-0,0014173;;0,01173;1;0,01173;0;1,849872504
0,71178;0,0015936;0;-0,0014173;;0,011757;1;0,011757;0;1,855682396
0,71298;0,0015996;0;-0,0014173;;0,011784;1;0,011784;0;1,861511172
0,71417;0,0016056;0;-0,0014172;;0,01181;1;0,01181;0;1,867174632
0,71537;0,0016115;0;-0,0014172;;0,011837;1;0,011837;0;1,873014971
0,71656;0,0016175;0;-0,0014172;;0,011864;1;0,011864;0;1,878848048
0,71775;0,0016235;0;-0,0014172;;0,01189;1;0,01189;0;1,884528434
0,71895;0,0016294;0;-0,0014171;;0,011917;1;0,011917;0;1,890386132
0,72014;0,0016354;0;-0,0014171;;0,011944;1;0,011944;0;1,896236497
0,72134;0,0016414;0;-0,0014171;;0,011971;1;0,011971;0;1,902105835
0,72253;0,0016474;0;-0,001417;;0,011997;1;0,011997;0;1,907808767
0,72372;0,0016533;0;-0,001417;;0,012024;1;0,012024;0;1,91367637
0,72492;0,0016593;0;-0,001417;;0,012051;1;0,012051;0;1,919562984
0,72611;0,0016653;0;-0,0014169;;0,012077;1;0,012077;0;1,925282727
0,72731;0,0016712;0;-0,0014169;;0,012104;1;0,012104;0;1,931180795
0,7285;0,0016772;0;-0,0014169;;0,012131;1;0,012131;0;1,93707136
0,72969;0,0016832;0;-0,0014168;;0,012158;1;0,012158;0;1,942967676
0,73089;0,0016891;0;-0,0014168;;0,012184;1;0,012184;0;1,948723128
0,73208;0,0016951;0;-0,0014168;;0,012211;1;0,012211;0;1,954630817
0,73328;0,0017011;0;-0,0014167;;0,012238;1;0,012238;0;1,960557609
0,73447;0,0017071;0;-0,0014167;;0,012264;1;0,012264;0;1,966316447
0,73567;0,001713;0;-0,0014167;;0,012291;1;0,012291;0;1,972254616
0,73686;0,001719;0;-0,0014166;;0,012318;1;0,012318;0;1,978185116
0,73805;0,001725;0;-0,0014166;;0,012345;1;0,012345;0;1,98412133
0,73925;0,0017309;0;-0,0014166;;0,012371;1;0,012371;0;1,989915857
0,74044;0,0017369;0;-0,0014165;;0,012398;1;0,012398;0;1,995863369
0,74164;0,0017429;0;-0,0014165;;0,012425;1;0,012425;0;2,001830073
0,74283;0,0017489;0;-0,0014165;;0,012452;1;0,012452;0;2,007788992
0,74402;0,0017548;0;-0,0014164;;0,012478;1;0,012478;0;2,013592225
0,74522;0,0017608;0;-0,0014164;;0,012505;1;0,012505;0;2,019575932
0,74641;0,0017668;0;-0,0014164;;0,012532;1;0,012532;0;2,025551782
0,74761;0,0017727;0;-0,0014163;;0,012558;1;0,012558;0;2,03138513
0,7488;0,0017787;0;-0,0014163;;0,012585;1;0,012585;0;2,037372205
0,74999;0,0017847;0;-0,0014163;;0,012612;1;0,012612;0;2,043364941
0,7511;0,0017906;0;-0,0014162;;0,012639;1;0,012639;0;2,049254201
0,75215;0,0017965;0;-0,0014162;;0,012665;1;0,012665;0;2,054904595
0,75319;0,0018023;0;-0,0014162;;0,012692;1;0,012692;0;2,060708561
0,75424;0,0018082;0;-0,0014161;;0,012719;1;0,012719;0;2,066531298
0,75529;0,0018141;0;-0,0014161;;0,012745;1;0,012745;0;2,072196551
0,75634;0,0018199;0;-0,0014161;;0,012772;1;0,012772;0;2,078029381
0,75738;0,0018258;0;-0,001416;;0,012799;1;0,012799;0;2,083853553
0,75843;0,0018317;0;-0,001416;;0,012826;1;0,012826;0;2,089696554
0,75948;0,0018376;0;-0,0014159;;0,012852;1;0,012852;0;2,095381605
0,76052;0,0018434;0;-0,0014159;;0,012879;1;0,012879;0;2,101220853
0,76157;0,0018493;0;-0,0014159;;0,012906;1;0,012906;0;2,107078977
0,76262;0,0018552;0;-0,0014158;;0,012932;1;0,012932;0;2,112778801
0,76366;0,0018611;0;-0,0014158;;0,012959;1;0,012959;0;2,118633089
0,76471;0,0018669;0;-0,0014158;;0,012986;1;0,012986;0;2,124506297
0,76576;0,0018728;0;-0,0014157;;0,013013;1;0,013013;0;2,130384568
0,76681;0,0018787;0;-0,0014157;;0,013039;1;0,013039;0;2,136104075
0,76785;0,0018845;0;-0,0014157;;0,013066;1;0,013066;0;2,141978402
0,7689;0,0018904;0;-0,0014156;;0,013093;1;0,013093;0;2,147871709
0,76995;0,0018963;0;-0,0014156;;0,01312;1;0,01312;0;2,153770063
0,77099;0,0019022;0;-0,0014156;;0,013146;1;0,013146;0;2,159495184
0,77204;0,001908;0;-0,0014155;;0,013173;1;0,013173;0;2,165403489
0,77309;0,0019139;0;-0,0014155;;0,0132;1;0,0132;0;2,171316829
0,77413;0,0019198;0;-0,0014154;;0,013226;1;0,013226;0;2,177056533
0,77518;0,0019257;0;-0,0014154;;0,013253;1;0,013253;0;2,182979799
0,77623;0,0019315;0;-0,0014154;;0,01328;1;0,01328;0;2,188908089
0,77727;0,0019374;0;-0,0014153;;0,013307;1;0,013307;0;2,194827278
0,77832;0,0019433;0;-0,0014153;;0,013333;1;0,013333;0;2,200600532
0,77937;0,0019491;0;-0,0014153;;0,01336;1;0,01336;0;2,206543735
0,78042;0,001955;0;-0,0014152;;0,013387;1;0,013387;0;2,212491944
0,78146;0,0019609;0;-0,0014152;;0,013413;1;0,013413;0;2,21826558
0,78251;0,0019668;0;-0,0014152;;0,01344;1;0,01344;0;2,22422366
0,78356;0,0019726;0;-0,0014151;;0,013467;1;0,013467;0;2,230186734
0,7846;0,0019785;0;-0,0014151;;0,013494;1;0,013494;0;2,236140549
0,78565;0,0019844;0;-0,001415;;0,01352;1;0,01352;0;2,241947758
0,7867;0,0019902;0;-0,001415;;0,013547;1;0,013547;0;2,247925662
0,78774;0,0019961;0;-0,001415;;0,013574;1;0,013574;0;2,253894239
0,78879;0,002002;0;-0,0014149;;0,0136;1;0,0136;0;2,259715922
0,78984;0,0020079;0;-0,0014149;;0,013627;1;0,013627;0;2,265708622
0,79089;0,0020137;0;-0,0014149;;0,013654;1;0,013654;0;2,271706287
0,79193;0,0020196;0;-0,0014148;;0,013681;1;0,013681;0;2,277694535
0,79298;0,0020255;0;-0,0014148;;0,013707;1;0,013707;0;2,283535508
0,79403;0,0020314;0;-0,0014148;;0,013734;1;0,013734;0;2,289547922
0,79507;0,0020372;0;-0,0014147;;0,013761;1;0,013761;0;2,29555085
0,79612;0,0020431;0;-0,0014147;;0,013788;1;0,013788;0;2,301573143
0,79717;0,002049;0;-0,0014147;;0,013814;1;0,013814;0;2,307433344
0,79821;0,0020548;0;-0,0014146;;0,013841;1;0,013841;0;2,313450919
0,79926;0,0020607;0;-0,0014146;;0,013868;1;0,013868;0;2,319487902
0,80031;0,0020666;0;-0,0014145;;0,013894;1;0,013894;0;2,325362452
0,80135;0,0020725;0;-0,0014145;;0,013921;1;0,013921;0;2,331394639
0,8024;0,0020783;0;-0,0014145;;0,013948;1;0,013948;0;2,337446277
0,8034;0,0020841;0;-0,0014144;;0,013975;1;0,013975;0;2,343429915
0,80429;0,0020897;0;-0,0014144;;0,014001;1;0,014001;0;2,349089856
0,80518;0,0020952;0;-0,0014144;;0,014028;1;0,014028;0;2,354921778
0,80607;0,0021008;0;-0,0014143;;0,014055;1;0,014055;0;2,36075799
0,80696;0,0021064;0;-0,0014143;;0,014081;1;0,014081;0;2,366430432
0,80786;0,002112;0;-0,0014142;;0,014108;1;0,014108;0;2,372289808
0,80875;0,0021175;0;-0,0014142;;0,014135;1;0,014135;0;2,378138802
0,80964;0,0021231;0;-0,0014142;;0,014162;1;0,014162;0;2,383992076
0,81053;0,0021287;0;-0,0014141;;0,014188;1;0,014188;0;2,389681195
0,81143;0,0021342;0;-0,0014141;;0,014215;1;0,014215;0;2,395557687
0,81232;0,0021398;0;-0,001414;;0,014242;1;0,014242;0;2,401423707
0,81321;0,0021454;0;-0,001414;;0,014268;1;0,014268;0;2,407125287
0,8141;0,002151;0;-0,001414;;0,014295;1;0,014295;0;2,412999747
0,815;0,0021565;0;-0,0014139;;0,014322;1;0,014322;0;2,418893308
0,81589;0,0021621;0;-0,0014139;;0,014349;1;0,014349;0;2,424776308
0,81678;0,0021677;0;-0,0014138;;0,014375;1;0,014375;0;2,430494486
0,81767;0,0021732;0;-0,0014138;;0,014402;1;0,014402;0;2,436385902
0,81856;0,0021788;0;-0,0014138;;0,014429;1;0,014429;0;2,442281569
0,81946;0,0021844;0;-0,0014137;;0,014456;1;0,014456;0;2,44819642
0,82035;0,00219;0;-0,0014137;;0,014482;1;0,014482;0;2,453931151
0,82124;0,0021955;0;-0,0014137;;0,014509;1;0,014509;0;2,459839478
0,82213;0,0022011;0;-0,0014136;;0,014536;1;0,014536;0;2,465752043
0,82303;0,0022067;0;-0,0014136;;0,014562;1;0,014562;0;2,471514137
0,82392;0,0022122;0;-0,0014135;;0,014589;1;0,014589;0;2,477435099
0,82481;0,0022178;0;-0,0014135;;0,014616;1;0,014616;0;2,483360291
0,8257;0,0022234;0;-0,0014135;;0,014643;1;0,014643;0;2,489289711
0,8266;0,002229;0;-0,0014134;;0,014669;1;0,014669;0;2,495068357
0,82749;0,0022345;0;-0,0014134;;0,014696;1;0,014696;0;2,50100615
0,82838;0,0022401;0;-0,0014133;;0,014723;1;0,014723;0;2,506948162
0,82927;0,0022457;0;-0,0014133;;0,014749;1;0,014749;0;2,512724025
0,83016;0,0022512;0;-0,0014133;;0,014776;1;0,014776;0;2,518674375
0,83106;0,0022568;0;-0,0014132;;0,014803;1;0,014803;0;2,524644124
0,83195;0,0022624;0;-0,0014132;;0,01483;1;0,01483;0;2,530602912
0,83284;0,002268;0;-0,0014131;;0,014856;1;0,014856;0;2,536395172
0,83373;0,0022735;0;-0,0014131;;0,014883;1;0,014883;0;2,542362275
0,83463;0,0022791;0;-0,0014131;;0,01491;1;0,01491;0;2,548348843
0,83552;0,0022847;0;-0,001413;;0,014936;1;0,014936;0;2,554153355
0,83641;0,0022902;0;-0,001413;;0,014963;1;0,014963;0;2,560132976
0,8373;0,0022958;0;-0,0014129;;0,01499;1;0,01499;0;2,566116787
0,8382;0,0023014;0;-0,0014129;;0,015017;1;0,015017;0;2,57212013
0,83909;0,002307;0;-0,0014129;;0,015043;1;0,015043;0;2,577940963
0,83998;0,0023125;0;-0,0014128;;0,01507;1;0,01507;0;2,58393726
0,84087;0,0023181;0;-0,0014128;;0,015097;1;0,015097;0;2,589937736
0,84176;0,0023237;0;-0,0014128;;0,015124;1;0,015124;0;2,59594239
0,84266;0,0023292;0;-0,0014127;;0,01515;1;0,01515;0;2,601794922
0,84355;0,0023348;0;-0,0014127;;0,015177;1;0,015177;0;2,60780785
0,84444;0,0023404;0;-0,0014126;;0,015204;1;0,015204;0;2,613824948
0,84533;0,0023459;0;-0,0014126;;0,01523;1;0,01523;0;2,619674204
0,84623;0,0023515;0;-0,0014126;;0,015257;1;0,015257;0;2,625715055
0,84712;0,0023571;0;-0,0014125;;0,015284;1;0,015284;0;2,631744573
0,84801;0,0023627;0;-0,0014125;;0,015311;1;0,015311;0;2,637778248
0,8489;0,0023682;0;-0,0014124;;0,015337;1;0,015337;0;2,643643709
0,84968;0,0023735;0;-0,0014124;;0,015364;1;0,015364;0;2,649514104
0,85042;0,0023785;0;-0,0014124;;0,015391;1;0,015391;0;2,655325769
0,85116;0,0023836;0;-0,0014123;;0,015417;1;0,015417;0;2,660968385
0,85189;0,0023887;0;-0,0014123;;0,015444;1;0,015444;0;2,666771422
0,85263;0,0023938;0;-0,0014122;;0,015471;1;0,015471;0;2,672593637
0,85337;0,0023989;0;-0,0014122;;0,015498;1;0,015498;0;2,678419397
0,8541;0,002404;0;-0,0014121;;0,015524;1;0,015524;0;2,684060089
0,85484;0,0024091;0;-0,0014121;;0,015551;1;0,015551;0;2,689892838
0,85558;0,0024141;0;-0,0014121;;0,015578;1;0,015578;0;2,695729125
0,85631;0,0024192;0;-0,001412;;0,015604;1;0,015604;0;2,701380054
0,85705;0,0024243;0;-0,001412;;0,015631;1;0,015631;0;2,707223318
0,85779;0,0024294;0;-0,0014119;;0,015658;1;0,015658;0;2,713070115
0,85852;0,0024345;0;-0,0014119;;0,015685;1;0,015685;0;2,718904608
0,85926;0,0024396;0;-0,0014118;;0,015711;1;0,015711;0;2,724585026
0,86;0,0024447;0;-0,0014118;;0,015738;1;0,015738;0;2,730442316
0,86073;0,0024498;0;-0,0014118;;0,015765;1;0,015765;0;2,736287235
0,86147;0,0024548;0;-0,0014117;;0,015792;1;0,015792;0;2,742151553
0,86221;0,0024599;0;-0,0014117;;0,015818;1;0,015818;0;2,747845676
0,86295;0,002465;0;-0,0014116;;0,015845;1;0,015845;0;2,75371696
0,86368;0,0024701;0;-0,0014116;;0,015872;1;0,015872;0;2,759575786
0,86442;0,0024752;0;-0,0014115;;0,015898;1;0,015898;0;2,765280144
0,86516;0,0024803;0;-0,0014115;;0,015925;1;0,015925;0;2,77116188
0,86589;0,0024854;0;-0,0014115;;0,015952;1;0,015952;0;2,777031093
0,86663;0,0024904;0;-0,0014114;;0,015979;1;0,015979;0;2,782919831
0,86737;0,0024955;0;-0,0014114;;0,016005;1;0,016005;0;2,788637841
0,8681;0,0025006;0;-0,0014113;;0,016032;1;0,016032;0;2,794517423
0,86884;0,0025057;0;-0,0014113;;0,016059;1;0,016059;0;2,800416584
0,86958;0,0025108;0;-0,0014112;;0,016085;1;0,016085;0;2,806144791
0,87031;0,0025159;0;-0,0014112;;0,016112;1;0,016112;0;2,812034725
0,87105;0,002521;0;-0,0014112;;0,016139;1;0,016139;0;2,817944293
0,87179;0,0025261;0;-0,0014111;;0,016166;1;0,016166;0;2,823857358
0,87252;0,0025311;0;-0,0014111;;0,016192;1;0,016192;0;2,829582949
0,87326;0,0025362;0;-0,001411;;0,016219;1;0,016219;0;2,835502907
0,874;0,0025413;0;-0,001411;;0,016246;1;0,016246;0;2,841426356
0,87473;0,0025464;0;-0,001411;;0,016272;1;0,016272;0;2,847162046
0,87547;0,0025515;0;-0,0014109;;0,016299;1;0,016299;0;2,853092377
0,87621;0,0025566;0;-0,0014109;;0,016326;1;0,016326;0;2,859026193
0,87694;0,0025617;0;-0,0014108;;0,016353;1;0,016353;0;2,864947158
0,87768;0,0025667;0;-0,0014108;;0,016379;1;0,016379;0;2,870712651
0,87842;0,0025718;0;-0,0014107;;0,016406;1;0,016406;0;2,876656818
0,87915;0,0025769;0;-0,0014107;;0,016433;1;0,016433;0;2,882588069
0,87989;0,002582;0;-0,0014107;;0,01646;1;0,01646;0;2,88853917
0,88063;0,0025871;0;-0,0014106;;0,016486;1;0,016486;0;2,894318183
0,88137;0,0025922;0;-0,0014106;;0,016513;1;0,016513;0;2,900276156
0,8821;0,0025973;0;-0,0014105;;0,01654;1;0,01654;0;2,906221127
0,88284;0,0026024;0;-0,0014105;;0,016566;1;0,016566;0;2,912010237
0,88358;0,0026074;0;-0,0014104;;0,016593;1;0,016593;0;2,917978523
0,88431;0,0026125;0;-0,0014104;;0,01662;1;0,01662;0;2,923933741
0,88505;0,0026176;0;-0,0014104;;0,016647;1;0,016647;0;2,929908934
0,88579;0,0026227;0;-0,0014103;;0,016673;1;0,016673;0;2,935711513
0,88652;0,0026278;0;-0,0014103;;0,0167;1;0,0167;0;2,941676962
0,88726;0,0026329;0;-0,0014102;;0,016727;1;0,016727;0;2,947662441
0,888;0,002638;0;-0,0014102;;0,016753;1;0,016753;0;2,953475079
0,88863;0,0026426;0;-0,0014101;;0,01678;1;0,01678;0;2,95928424
0,88922;0,0026471;0;-0,0014101;;0,016807;1;0,016807;0;2,965029717
0,8898;0,0026515;0;-0,00141;;0,016834;1;0,016834;0;2,970761335
0,89039;0,002656;0;-0,00141;;0,01686;1;0,01686;0;2,976335926
0,89098;0,0026605;0;-0,00141;;0,016887;1;0,016887;0;2,982089822
0,89157;0,0026649;0;-0,0014099;;0,016914;1;0,016914;0;2,987846548
0,89215;0,0026694;0;-0,0014099;;0,01694;1;0,01694;0;2,99341262
0,89274;0,0026738;0;-0,0014098;;0,016967;1;0,016967;0;2,999174924
0,89333;0,0026783;0;-0,0014098;;0,016994;1;0,016994;0;3,004940054
0,89392;0,0026828;0;-0,0014097;;0,017021;1;0,017021;0;3,01070801
0,8945;0,0026872;0;-0,0014097;;0,017047;1;0,017047;0;3,01628499
0,89509;0,0026917;0;-0,0014096;;0,017074;1;0,017074;0;3,022058514
0,89568;0,0026961;0;-0,0014096;;0,017101;1;0,017101;0;3,027834859
0,89627;0,0027006;0;-0,0014095;;0,017128;1;0,017128;0;3,033614026
0,89685;0,0027051;0;-0,0014095;;0,017154;1;0,017154;0;3,039201895
0,89744;0,0027095;0;-0,0014095;;0,017181;1;0,017181;0;3,044986619
0,89803;0,002714;0;-0,0014094;;0,017208;1;0,017208;0;3,05077416
0,89862;0,0027184;0;-0,0014094;;0,017234;1;0,017234;0;3,05638717
0,8992;0,0027229;0;-0,0014093;;0,017261;1;0,017261;0;3,062163256
0,89979;0,0027274;0;-0,0014093;;0,017288;1;0,017288;0;3,067959162
0,90038;0,0027318;0;-0,0014092;;0,017315;1;0,017315;0;3,073757879
0,90097;0,0027363;0;-0,0014092;;0,017341;1;0,017341;0;3,079381829
0,90156;0,0027407;0;-0,0014091;;0,017368;1;0,017368;0;3,085186108
0,90214;0,0027452;0;-0,0014091;;0,017395;1;0,017395;0;3,090976065
0,90273;0,0027497;0;-0,001409;;0,017421;1;0,017421;0;3,096608188
0,90332;0,0027541;0;-0,001409;;0,017448;1;0,017448;0;3,10242081
0,90391;0,0027586;0;-0,001409;;0,017475;1;0,017475;0;3,108236237
0,90449;0,002763;0;-0,0014089;;0,017502;1;0,017502;0;3,114037253
0,90508;0,0027675;0;-0,0014089;;0,017528;1;0,017528;0;3,119680282
0,90567;0,002772;0;-0,0014088;;0,017555;1;0,017555;0;3,125504037
0,90626;0,0027764;0;-0,0014088;;0,017582;1;0,017582;0;3,131330592
0,90684;0,0027809;0;-0,0014087;;0,017608;1;0,017608;0;3,136964493
0,90743;0,0027853;0;-0,0014087;;0,017635;1;0,017635;0;3,142796566
0,90802;0,0027898;0;-0,0014086;;0,017662;1;0,017662;0;3,148631435
0,90861;0,0027943;0;-0,0014086;;0,017689;1;0,017689;0;3,154469099
0,90919;0,0027987;0;-0,0014085;;0,017715;1;0,017715;0;3,160113791
0,90978;0,0028032;0;-0,0014085;;0,017742;1;0,017742;0;3,165956963
0,91037;0,0028076;0;-0,0014085;;0,017769;1;0,017769;0;3,171802927
0,91096;0,0028121;0;-0,0014084;;0,017796;1;0,017796;0;3,177651681
0,91154;0,0028166;0;-0,0014084;;0,017822;1;0,017822;0;3,183307146
0,91213;0,002821;0;-0,0014083;;0,017849;1;0,017849;0;3,189161399
0,91272;0,0028255;0;-0,0014083;;0,017876;1;0,017876;0;3,195018439
0,91331;0,0028299;0;-0,0014082;;0,017902;1;0,017902;0;3,200699474
0,91389;0,0028344;0;-0,0014082;;0,017929;1;0,017929;0;3,206544484
0,91448;0,0028389;0;-0,0014081;;0,017956;1;0,017956;0;3,212409799
0,91507;0,0028433;0;-0,0014081;;0,017983;1;0,017983;0;3,218277896
0,91566;0,0028478;0;-0,001408;;0,018009;1;0,018009;0;3,223969754
0,91624;0,0028522;0;-0,001408;;0,018036;1;0,018036;0;3,229825729
0,91683;0,0028567;0;-0,001408;;0,018063;1;0,018063;0;3,235702087
0,91742;0,0028612;0;-0,0014079;;0,018089;1;0,018089;0;3,241402031
0,91801;0,0028656;0;-0,0014079;;0,018116;1;0,018116;0;3,247283885
0,91859;0,0028701;0;-0,0014078;;0,018143;1;0,018143;0;3,253150808
0,91918;0,0028745;0;-0,0014078;;0,01817;1;0,01817;0;3,259038191
0,91977;0,002879;0;-0,0014077;;0,018196;1;0,018196;0;3,264748925
0,92032;0,0028833;0;-0,0014077;;0,018223;1;0,018223;0;3,270570721
0,92078;0,002887;0;-0,0014076;;0,01825;1;0,01825;0;3,27623501
0,92123;0,0028908;0;-0,0014076;;0,018276;1;0,018276;0;3,28170414
0,92168;0,0028945;0;-0,0014075;;0,018303;1;0,018303;0;3,287354962
0,92213;0,0028983;0;-0,0014075;;0,01833;1;0,01833;0;3,293007956
0,92258;0,002902;0;-0,0014074;;0,018357;1;0,018357;0;3,298663121
0,92303;0,0029058;0;-0,0014074;;0,018383;1;0,018383;0;3,304140717
0,92348;0,0029095;0;-0,0014073;;0,01841;1;0,01841;0;3,309800178
0,92393;0,0029133;0;-0,0014073;;0,018437;1;0,018437;0;3,315461808
0,92438;0,002917;0;-0,0014072;;0,018464;1;0,018464;0;3,321125606
0,92484;0,0029208;0;-0,0014072;;0,01849;1;0,01849;0;3,326629642
0,92529;0,0029245;0;-0,0014071;;0,018517;1;0,018517;0;3,332297752
0,92574;0,0029283;0;-0,0014071;;0,018544;1;0,018544;0;3,337968029
0,92619;0,002932;0;-0,0014071;;0,01857;1;0,01857;0;3,343460424
0,92664;0,0029358;0;-0,001407;;0,018597;1;0,018597;0;3,349134986
0,92709;0,0029395;0;-0,001407;;0,018624;1;0,018624;0;3,354811713
0,92754;0,0029433;0;-0,0014069;;0,018651;1;0,018651;0;3,360490602
0,92799;0,002947;0;-0,0014069;;0,018677;1;0,018677;0;3,365991433
0,92844;0,0029508;0;-0,0014068;;0,018704;1;0,018704;0;3,371674603
0,9289;0,0029545;0;-0,0014068;;0,018731;1;0,018731;0;3,377378113
0,92935;0,0029583;0;-0,0014067;;0,018757;1;0,018757;0;3,382885273
0,9298;0,002962;0;-0,0014067;;0,018784;1;0,018784;0;3,388574902
0,93025;0,0029658;0;-0,0014066;;0,018811;1;0,018811;0;3,39426669
0,9307;0,0029695;0;-0,0014066;;0,018838;1;0,018838;0;3,399960635
0,93115;0,0029733;0;-0,0014065;;0,018864;1;0,018864;0;3,405476211
0,9316;0,002977;0;-0,0014065;;0,018891;1;0,018891;0;3,411174428
0,93205;0,0029808;0;-0,0014064;;0,018918;1;0,018918;0;3,4168748
0,9325;0,0029845;0;-0,0014064;;0,018944;1;0,018944;0;3,42239667
0,93296;0,0029882;0;-0,0014063;;0,018971;1;0,018971;0;3,428119681
0,93341;0,002992;0;-0,0014063;;0,018998;1;0,018998;0;3,433826496
0,93386;0,0029957;0;-0,0014062;;0,019025;1;0,019025;0;3,439535463
0,93431;0,0029995;0;-0,0014062;;0,019051;1;0,019051;0;3,44506575
0,93476;0,0030032;0;-0,0014061;;0,019078;1;0,019078;0;3,450778978
0,93521;0,003007;0;-0,0014061;;0,019105;1;0,019105;0;3,456494358
0,93566;0,0030107;0;-0,001406;;0,019132;1;0,019132;0;3,462211888
0,93611;0,0030145;0;-0,001406;;0,019158;1;0,019158;0;3,46775056
0,93656;0,0030182;0;-0,0014059;;0,019185;1;0,019185;0;3,473472345
0,93701;0,003022;0;-0,0014059;;0,019212;1;0,019212;0;3,479196279
0,93747;0,0030257;0;-0,0014058;;0,019238;1;0,019238;0;3,484759808
0,93792;0,0030295;0;-0,0014058;;0,019265;1;0,019265;0;3,490488014
0,93837;0,0030332;0;-0,0014057;;0,019292;1;0,019292;0;3,496218367
0,93882;0,003037;0;-0,0014057;;0,019319;1;0,019319;0;3,501950865
0,93927;0,0030407;0;-0,0014057;;0,019345;1;0,019345;0;3,507504194
0,93972;0,0030445;0;-0,0014056;;0,019372;1;0,019372;0;3,513240938
0,94017;0,0030482;0;-0,0014056;;0,019399;1;0,019399;0;3,518979825
0,94062;0,003052;0;-0,0014055;;0,019425;1;0,019425;0;3,524539411
0,94107;0,0030557;0;-0,0014055;;0,019452;1;0,019452;0;3,530282539
0,94153;0,0030595;0;-0,0014054;;0,019479;1;0,019479;0;3,536046587
0,94198;0,0030632;0;-0,0014054;;0,019506;1;0,019506;0;3,541794019
0,94243;0,003067;0;-0,0014053;;0,019532;1;0,019532;0;3,547361973
0,94288;0,0030707;0;-0,0014053;;0,019559;1;0,019559;0;3,55311364
0,94333;0,0030745;0;-0,0014052;;0,019586;1;0,019586;0;3,558867447
0,94378;0,0030782;0;-0,0014052;;0,019612;1;0,019612;0;3,564441643
0,94423;0,003082;0;-0,0014051;;0,019639;1;0,019639;0;3,570199681
0,94468;0,0030857;0;-0,0014051;;0,019666;1;0,019666;0;3,575959855
0,94513;0,0030895;0;-0,001405;;0,019693;1;0,019693;0;3,581722165
0,94555;0,003093;0;-0,001405;;0,019719;1;0,019719;0;3,587247783
0,94588;0,003096;0;-0,0014049;;0,019746;1;0,019746;0;3,592786361
0,94621;0,003099;0;-0,0014049;;0,019773;1;0,019773;0;3,598326544
0,94655;0,003102;0;-0,0014048;;0,0198;1;0,0198;0;3,603887368
0,94688;0,003105;0;-0,0014048;;0,019826;1;0,019826;0;3,609248735
0,94721;0,003108;0;-0,0014047;;0,019853;1;0,019853;0;3,61479372
0,94754;0,0031111;0;-0,0014047;;0,01988;1;0,01988;0;3,620340308
0,94788;0,0031141;0;-0,0014046;;0,019906;1;0,019906;0;3,625725483
0,94821;0,0031171;0;-0,0014046;;0,019933;1;0,019933;0;3,631275267
0,94854;0,0031201;0;-0,0014045;;0,01996;1;0,01996;0;3,636826653
0,94887;0,0031231;0;-0,0014045;;0,019987;1;0,019987;0;3,64237964
0,94921;0,0031261;0;-0,0014044;;0,020013;1;0,020013;0;3,647771175
0,94954;0,0031291;0;-0,0014044;;0,02004;1;0,02004;0;3,653327355
0,94987;0,0031322;0;-0,0014043;;0,020067;1;0,020067;0;3,658885135
0,9502;0,0031352;0;-0,0014043;;0,020093;1;0,020093;0;3,66426215
0,95054;0,0031382;0;-0,0014042;;0,02012;1;0,02012;0;3,669842403
0,95087;0,0031412;0;-0,0014042;;0,020147;1;0,020147;0;3,675404972
0,9512;0,0031442;0;-0,0014041;;0,020174;1;0,020174;0;3,680969141
0,95153;0,0031472;0;-0,0014041;;0,0202;1;0,0202;0;3,686352415
0,95187;0,0031502;0;-0,001404;;0,020227;1;0,020227;0;3,691939142
0,9522;0,0031533;0;-0,001404;;0,020254;1;0,020254;0;3,697508096
0,95253;0,0031563;0;-0,0014039;;0,02028;1;0,02028;0;3,702896058
0,95286;0,0031593;0;-0,0014039;;0,020307;1;0,020307;0;3,708468174
0,95319;0,0031623;0;-0,0014038;;0,020334;1;0,020334;0;3,714041886
0,95353;0,0031653;0;-0,0014038;;0,020361;1;0,020361;0;3,719636699
0,95386;0,0031683;0;-0,0014037;;0,020387;1;0,020387;0;3,72503091
0,95419;0,0031713;0;-0,0014037;;0,020414;1;0,020414;0;3,7306094
0,95452;0,0031743;0;-0,0014036;;0,020441;1;0,020441;0;3,736189485
0,95486;0,0031774;0;-0,0014036;;0,020468;1;0,020468;0;3,741790758
0,95519;0,0031804;0;-0,0014035;;0,020494;1;0,020494;0;3,747191211
0,95552;0,0031834;0;-0,0014035;;0,020521;1;0,020521;0;3,752776069
0,95585;0,0031864;0;-0,0014034;;0,020548;1;0,020548;0;3,758362521
0,95619;0,0031894;0;-0,0014034;;0,020574;1;0,020574;0;3,763787309
0,95652;0,0031924;0;-0,0014033;;0,020601;1;0,020601;0;3,769376937
0,95685;0,0031954;0;-0,0014033;;0,020628;1;0,020628;0;3,774968158
0,95718;0,0031985;0;-0,0014032;;0,020655;1;0,020655;0;3,78056097
0,95752;0,0032015;0;-0,0014032;;0,020681;1;0,020681;0;3,785992078
0,95785;0,0032045;0;-0,0014031;;0,020708;1;0,020708;0;3,791588064
0,95818;0,0032075;0;-0,0014031;;0,020735;1;0,020735;0;3,79718564
0,95851;0,0032105;0;-0,001403;;0,020761;1;0,020761;0;3,802601646
0,95885;0,0032135;0;-0,001403;;0,020788;1;0,020788;0;3,808222229
0,95918;0,0032165;0;-0,0014029;;0,020815;1;0,020815;0;3,813824566
0,95951;0,0032196;0;-0,0014028;;0,020842;1;0,020842;0;3,819428492
0,95984;0,0032226;0;-0,0014028;;0,020868;1;0,020868;0;3,824850719
0,96018;0,0032256;0;-0,0014027;;0,020895;1;0,020895;0;3,830477738
0,96051;0,0032286;0;-0,0014027;;0,020922;1;0,020922;0;3,83608642
0,96084;0,0032316;0;-0,0014026;;0,020948;1;0,020948;0;3,841513306
0,96117;0,0032346;0;-0,0014026;;0,020975;1;0,020975;0;3,847125132
0,9615;0,0032376;0;-0,0014025;;0,021002;1;0,021002;0;3,852738544
0,96184;0,0032406;0;-0,0014025;;0,021029;1;0,021029;0;3,8583736
0,96217;0,0032437;0;-0,0014024;;0,021055;1;0,021055;0;3,863806697
0,9625;0,0032467;0;-0,0014024;;0,021082;1;0,021082;0;3,869424859
0,96283;0,0032497;0;-0,0014023;;0,021109;1;0,021109;0;3,875044606
0,96317;0,0032527;0;-0,0014023;;0,021136;1;0,021136;0;3,880686083
0,9635;0,0032557;0;-0,0014022;;0,021162;1;0,021162;0;3,886125385
0,96383;0,0032587;0;-0,0014022;;0,021189;1;0,021189;0;3,891749876
0,96416;0,0032617;0;-0,0014021;;0,021216;1;0,021216;0;3,897375952
0,9645;0,0032648;0;-0,0014021;;0,021242;1;0,021242;0;3,902840112
0,96475;0,0032672;0;-0,001402;;0,021269;1;0,021269;0;3,908307303
0,96498;0,0032695;0;-0,001402;;0,021296;1;0,021296;0;3,913735158
0,96522;0,0032718;0;-0,0014019;;0,021323;1;0,021323;0;3,919184441
0,96545;0,0032741;0;-0,0014019;;0,021349;1;0,021349;0;3,92443075
0,96568;0,0032765;0;-0,0014018;;0,021376;1;0,021376;0;3,929861986
0,96592;0,0032788;0;-0,0014018;;0,021403;1;0,021403;0;3,93531472
0,96615;0,0032811;0;-0,0014017;;0,021429;1;0,021429;0;3,940564343
0,96639;0,0032834;0;-0,0014017;;0,021456;1;0,021456;0;3,946019377
0,96662;0,0032857;0;-0,0014016;;0,021483;1;0,021483;0;3,951455143
0,96686;0,003288;0;-0,0014016;;0,02151;1;0,02151;0;3,956912497
0,96709;0,0032903;0;-0,0014015;;0,021536;1;0,021536;0;3,962166559
0,96732;0,0032927;0;-0,0014015;;0,021563;1;0,021563;0;3,967605703
0,96756;0,003295;0;-0,0014014;;0,02159;1;0,02159;0;3,973066503
0,96779;0,0032973;0;-0,0014014;;0,021616;1;0,021616;0;3,978323875
0,96803;0,0032996;0;-0,0014013;;0,021643;1;0,021643;0;3,983786973
0,96826;0,0033019;0;-0,0014013;;0,02167;1;0,02167;0;3,989230641
0,9685;0,0033042;0;-0,0014012;;0,021697;1;0,021697;0;3,994696056
0,96873;0,0033066;0;-0,0014011;;0,021723;1;0,021723;0;3,999957862
0,96897;0,0033089;0;-0,0014011;;0,02175;1;0,02175;0;4,005425572
0,9692;0,0033112;0;-0,001401;;0,021777;1;0,021777;0;4,010873761
0,96943;0,0033135;0;-0,001401;;0,021804;1;0,021804;0;4,016323074
0,96967;0,0033158;0;-0,0014009;;0,02183;1;0,02183;0;4,021610024
0,9699;0,0033181;0;-0,0014009;;0,021857;1;0,021857;0;4,027061585
0,97014;0,0033205;0;-0,0014008;;0,021884;1;0,021884;0;4,032535052
0,97037;0,0033228;0;-0,0014008;;0,02191;1;0,02191;0;4,037804592
0,97061;0,0033251;0;-0,0014007;;0,021937;1;0,021937;0;4,043280351
0,97084;0,0033274;0;-0,0014007;;0,021964;1;0,021964;0;4,048736428
0,97108;0,0033297;0;-0,0014006;;0,021991;1;0,021991;0;4,054214501
0,97131;0,003332;0;-0,0014006;;0,022017;1;0,022017;0;4,059488465
0,97154;0,0033343;0;-0,0014005;;0,022044;1;0,022044;0;4,064947909
0,97178;0,0033367;0;-0,0014005;;0,022071;1;0,022071;0;4,070429418
0,97201;0,003339;0;-0,0014004;;0,022097;1;0,022097;0;4,075706683
0,97225;0,0033413;0;-0,0014004;;0,022124;1;0,022124;0;4,081190481
0,97248;0,0033436;0;-0,0014003;;0,022151;1;0,022151;0;4,086654435
0,97272;0,0033459;0;-0,0014003;;0,022178;1;0,022178;0;4,092140545
0,97295;0,0033482;0;-0,0014002;;0,022204;1;0,022204;0;4,097422229
0,97318;0,0033506;0;-0,0014001;;0,022231;1;0,022231;0;4,102889547
0,97342;0,0033529;0;-0,0014001;;0,022258;1;0,022258;0;4,108379088
0,97365;0,0033552;0;-0,0014;;0,022284;1;0,022284;0;4,113664068
0,97389;0,0033575;0;-0,0014;;0,022311;1;0,022311;0;4,119155895
0,97412;0,0033598;0;-0,0013999;;0,022338;1;0,022338;0;4,124627718
0,97436;0,0033621;0;-0,0013999;;0,022365;1;0,022365;0;4,130121854
0,97459;0,0033645;0;-0,0013998;;0,022391;1;0,022391;0;4,135411249
0,97483;0,0033668;0;-0,0013998;;0,022418;1;0,022418;0;4,14090767
0,97506;0,0033691;0;-0,0013997;;0,022445;1;0,022445;0;4,146383994
0,97529;0,0033714;0;-0,0013997;;0,022472;1;0,022472;0;4,151861438
0,97553;0,0033737;0;-0,0013996;;0,022498;1;0,022498;0;4,157176528
0,97576;0,003376;0;-0,0013996;;0,022525;1;0,022525;0;4,16265621
0,976;0,0033784;0;-0,0013995;;0,022552;1;0,022552;0;4,168158363
0,97623;0,0033807;0;-0,0013995;;0,022578;1;0,022578;0;4,173455459
0,97647;0,003383;0;-0,0013994;;0,022605;1;0,022605;0;4,178959894
0,9767;0,0033853;0;-0,0013994;;0,022632;1;0,022632;0;4,184444072
0,97694;0,0033876;0;-0,0013993;;0,022659;1;0,022659;0;4,189950812
0,97717;0,0033899;0;-0,0013993;;0,022685;1;0,022685;0;4,195252313
0,9774;0,0033922;0;-0,0013992;;0,022712;1;0,022712;0;4,200739845
0,97764;0,0033946;0;-0,0013991;;0,022739;1;0,022739;0;4,206250006
0,97787;0,0033969;0;-0,0013991;;0,022765;1;0,022765;0;4,211554793
0,97811;0,0033992;0;-0,001399;;0,022792;1;0,022792;0;4,217067233
0,97834;0,0034015;0;-0,001399;;0,022819;1;0,022819;0;4,222559256
0,97851;0,0034033;0;-0,0013989;;0,022846;1;0,022846;0;4,227922773
0,97867;0,003405;0;-0,0013989;;0,022872;1;0,022872;0;4,233080423
0,97883;0,0034067;0;-0,0013988;;0,022899;1;0,022899;0;4,238423922
0,97899;0,0034084;0;-0,0013988;;0,022926;1;0,022926;0;4,24376821
0,97914;0,0034101;0;-0,0013987;;0,022952;1;0,022952;0;4,248906468
0,9793;0,0034118;0;-0,0013987;;0,022979;1;0,022979;0;4,254252294
0,97946;0,0034135;0;-0,0013986;;0,023006;1;0,023006;0;4,259598909
0,97962;0,0034152;0;-0,0013986;;0,023033;1;0,023033;0;4,264946311
0,97978;0,0034169;0;-0,0013985;;0,023059;1;0,023059;0;4,27010932
0,97993;0,0034186;0;-0,0013985;;0,023086;1;0,023086;0;4,275436469
0,98009;0,0034203;0;-0,0013984;;0,023113;1;0,023113;0;4,280786197
0,98025;0,003422;0;-0,0013983;;0,02314;1;0,02314;0;4,286136713
0,98041;0,0034237;0;-0,0013983;;0,023166;1;0,023166;0;4,291302775
0,98056;0,0034254;0;-0,0013982;;0,023193;1;0,023193;0;4,296632942
0,98072;0,0034271;0;-0,0013982;;0,02322;1;0,02322;0;4,301985782
0,98088;0,0034288;0;-0,0013981;;0,023246;1;0,023246;0;4,307154124
0,98104;0,0034306;0;-0,0013981;;0,023273;1;0,023273;0;4,312508524
0,9812;0,0034323;0;-0,001398;;0,0233;1;0,0233;0;4,317863711
0,98135;0,003434;0;-0,001398;;0,023327;1;0,023327;0;4,323197658
0,98151;0,0034357;0;-0,0013979;;0,023353;1;0,023353;0;4,328369051
0,98167;0,0034374;0;-0,0013979;;0,02338;1;0,02338;0;4,33372656
0,98183;0,0034391;0;-0,0013978;;0,023407;1;0,023407;0;4,339084857
0,98198;0,0034408;0;-0,0013977;;0,023433;1;0,023433;0;4,34423643
0,98214;0,0034425;0;-0,0013977;;0,02346;1;0,02346;0;4,349596261
0,9823;0,0034442;0;-0,0013976;;0,023487;1;0,023487;0;4,354956879
0,98246;0,0034459;0;-0,0013976;;0,023514;1;0,023514;0;4,360318283
0,98262;0,0034476;0;-0,0013975;;0,02354;1;0,02354;0;4,365495024
0,98277;0,0034493;0;-0,0013975;;0,023567;1;0,023567;0;4,370835749
0,98293;0,003451;0;-0,0013974;;0,023594;1;0,023594;0;4,376199474
0,98309;0,0034527;0;-0,0013974;;0,02362;1;0,02362;0;4,381378491
0,98325;0,0034544;0;-0,0013973;;0,023647;1;0,023647;0;4,386743773
0,9834;0,0034561;0;-0,0013973;;0,023674;1;0,023674;0;4,39208751
0,98356;0,0034578;0;-0,0013972;;0,023701;1;0,023701;0;4,39745434
0,98372;0,0034595;0;-0,0013972;;0,023727;1;0,023727;0;4,402636402
0,98388;0,0034612;0;-0,0013971;;0,023754;1;0,023754;0;4,408004789
0,98404;0,0034629;0;-0,001397;;0,023781;1;0,023781;0;4,413373962
0,98419;0,0034646;0;-0,001397;;0,023808;1;0,023808;0;4,418721471
0,98435;0,0034663;0;-0,0013969;;0,023834;1;0,023834;0;4,423906578
0,98451;0,003468;0;-0,0013969;;0,023861;1;0,023861;0;4,429278068
0,98467;0,0034697;0;-0,0013968;;0,023888;1;0,023888;0;4,434650343
0,98482;0,0034714;0;-0,0013968;;0,023914;1;0,023914;0;4,439815204
0,98498;0,0034731;0;-0,0013967;;0,023941;1;0,023941;0;4,445189011
0,98514;0,0034748;0;-0,0013967;;0,023968;1;0,023968;0;4,450563603
0,9853;0,0034765;0;-0,0013966;;0,023995;1;0,023995;0;4,45593898
0,98546;0,0034782;0;-0,0013966;;0,024021;1;0,024021;0;4,461129424
0,98561;0,0034799;0;-0,0013965;;0,024048;1;0,024048;0;4,466483697
0,98577;0,0034816;0;-0,0013965;;0,024075;1;0,024075;0;4,47186139
0,98593;0,0034833;0;-0,0013964;;0,024101;1;0,024101;0;4,477054105
0,98609;0,003485;0;-0,0013963;;0,024128;1;0,024128;0;4,482433351
0,98624;0,0034867;0;-0,0013963;;0,024155;1;0,024155;0;4,48779063
0,9864;0,0034884;0;-0,0013962;;0,024182;1;0,024182;0;4,493171422
0,98656;0,0034901;0;-0,0013962;;0,024208;1;0,024208;0;4,498367176
0,98672;0,0034918;0;-0,0013961;;0,024235;1;0,024235;0;4,503749521
0,98688;0,0034935;0;-0,0013961;;0,024262;1;0,024262;0;4,50913265
0,98703;0,0034952;0;-0,001396;;0,024288;1;0,024288;0;4,514307828
0,98719;0,0034969;0;-0,001396;;0,024315;1;0,024315;0;4,519692485
0,98735;0,0034986;0;-0,0013959;;0,024342;1;0,024342;0;4,525077927
0,98751;0,0035003;0;-0,0013959;;0,024369;1;0,024369;0;4,530464152
0,98766;0,003502;0;-0,0013958;;0,024395;1;0,024395;0;4,535642274
0,98782;0,0035037;0;-0,0013958;;0,024422;1;0,024422;0;4,541030028
0,98797;0,0035053;0;-0,0013957;;0,024449;1;0,024449;0;4,546395556
0,98807;0,0035065;0;-0,0013956;;0,024476;1;0,024476;0;4,551646657
0,98817;0,0035077;0;-0,0013956;;0,024502;1;0,024502;0;4,556712281
0,98827;0,0035089;0;-0,0013955;;0,024529;1;0,024529;0;4,561964366
0,98837;0,0035101;0;-0,0013955;;0,024556;1;0,024556;0;4,567216946
0,98847;0,0035113;0;-0,0013954;;0,024582;1;0,024582;0;4,572284022
0,98858;0,0035125;0;-0,0013954;;0,024609;1;0,024609;0;4,577560739
0,98868;0,0035137;0;-0,0013953;;0,024636;1;0,024636;0;4,582814824
0,98878;0,0035149;0;-0,0013953;;0,024663;1;0,024663;0;4,588069405
0,98888;0,0035161;0;-0,0013952;;0,024689;1;0,024689;0;4,593138442
0,98898;0,0035173;0;-0,0013951;;0,024716;1;0,024716;0;4,598394006
0,98908;0,0035185;0;-0,0013951;;0,024743;1;0,024743;0;4,603650066
0,98918;0,0035197;0;-0,001395;;0,024769;1;0,024769;0;4,608720555
0,98928;0,0035209;0;-0,001395;;0,024796;1;0,024796;0;4,613977598
0,98938;0,0035221;0;-0,0013949;;0,024823;1;0,024823;0;4,619235137
0,98949;0,0035233;0;-0,0013949;;0,02485;1;0,02485;0;4,624516541
0,98959;0,0035245;0;-0,0013948;;0,024876;1;0,024876;0;4,629588989
0,98969;0,0035257;0;-0,0013948;;0,024903;1;0,024903;0;4,634848031
0,98979;0,0035269;0;-0,0013947;;0,02493;1;0,02493;0;4,640107569
0,98989;0,0035281;0;-0,0013946;;0,024956;1;0,024956;0;4,645181468
0,98999;0,0035293;0;-0,0013946;;0,024983;1;0,024983;0;4,650441988
0,99009;0,0035305;0;-0,0013945;;0,02501;1;0,02501;0;4,655703004
0,99019;0,0035317;0;-0,0013945;;0,025037;1;0,025037;0;4,660964516
0,99029;0,0035329;0;-0,0013944;;0,025063;1;0,025063;0;4,666040351
0,9904;0,0035341;0;-0,0013944;;0,02509;1;0,02509;0;4,671326428
0,9905;0,0035353;0;-0,0013943;;0,025117;1;0,025117;0;4,676589442
0,9906;0,0035365;0;-0,0013943;;0,025144;1;0,025144;0;4,681852951
0,9907;0,0035377;0;-0,0013942;;0,02517;1;0,02517;0;4,686930745
0,9908;0,0035389;0;-0,0013941;;0,025197;1;0,025197;0;4,692195236
0,9909;0,0035401;0;-0,0013941;;0,025224;1;0,025224;0;4,697460223
0,991;0,0035413;0;-0,001394;;0,02525;1;0,02525;0;4,702539466
0,9911;0,0035425;0;-0,001394;;0,025277;1;0,025277;0;4,707805434
0,9912;0,0035437;0;-0,0013939;;0,025304;1;0,025304;0;4,713071897
0,99131;0,0035449;0;-0,0013939;;0,025331;1;0,025331;0;4,718362655
0,99141;0,0035461;0;-0,0013938;;0,025357;1;0,025357;0;4,723443855
0,99151;0,0035473;0;-0,0013938;;0,025384;1;0,025384;0;4,72871182
0,99161;0,0035485;0;-0,0013937;;0,025411;1;0,025411;0;4,733980279
0,99171;0,0035497;0;-0,0013937;;0,025437;1;0,025437;0;4,739062928
0,99181;0,0035509;0;-0,0013936;;0,025464;1;0,025464;0;4,744332369
0,99191;0,0035521;0;-0,0013935;;0,025491;1;0,025491;0;4,749602304
0,99201;0,0035533;0;-0,0013935;;0,025518;1;0,025518;0;4,754872735
0,99211;0,0035545;0;-0,0013934;;0,025544;1;0,025544;0;4,759957318
0,99222;0,0035557;0;-0,0013934;;0,025571;1;0,025571;0;4,765252742
0,99232;0,0035569;0;-0,0013933;;0,025598;1;0,025598;0;4,770524673
0,99242;0,0035581;0;-0,0013933;;0,025624;1;0,025624;0;4,775610726
0,99252;0,0035593;0;-0,0013932;;0,025651;1;0,025651;0;4,780883637
0,99262;0,0035605;0;-0,0013932;;0,025678;1;0,025678;0;4,786157043
0,99272;0,0035617;0;-0,0013931;;0,025705;1;0,025705;0;4,791430944
0,99282;0,0035629;0;-0,001393;;0,025731;1;0,025731;0;4,79651893
0,99292;0,0035641;0;-0,001393;;0,025758;1;0,025758;0;4,801793811
0,99302;0,0035653;0;-0,0013929;;0,025785;1;0,025785;0;4,807069187
0,99313;0,0035664;0;-0,0013929;;0,025812;1;0,025812;0;4,812369285
0,99323;0,0035676;0;-0,0013928;;0,025838;1;0,025838;0;4,817459226
0,99333;0,0035688;0;-0,0013928;;0,025865;1;0,025865;0;4,822736101
0,99343;0,00357;0;-0,0013927;;0,025892;1;0,025892;0;4,82801347
0,99353;0,0035712;0;-0,0013927;;0,025918;1;0,025918;0;4,833104857
0,99363;0,0035724;0;-0,0013926;;0,025945;1;0,025945;0;4,838383206
0,99373;0,0035736;0;-0,0013925;;0,025972;1;0,025972;0;4,843662049
0,99383;0,0035748;0;-0,0013925;;0,025999;1;0,025999;0;4,848941387
0,99393;0,003576;0;-0,0013924;;0,026025;1;0,026025;0;4,854034705
0,99404;0,0035772;0;-0,0013924;;0,026052;1;0,026052;0;4,859339465
0,99414;0,0035784;0;-0,0013923;;0,026079;1;0,026079;0;4,864620301
0,99424;0,0035796;0;-0,0013923;;0,026105;1;0,026105;0;4,869715087
0,9943;0,0035805;0;-0,0013922;;0,026132;1;0,026132;0;4,874898846
0,99436;0,0035813;0;-0,0013922;;0,026159;1;0,026159;0;4,880082905
0,99443;0,0035821;0;-0,0013921;;0,026186;1;0,026186;0;4,885291826
0,99449;0,0035829;0;-0,001392;;0,026212;1;0,026212;0;4,890289941
0,99455;0,0035837;0;-0,001392;;0,026239;1;0,026239;0;4,895474917
0,99461;0,0035845;0;-0,0013919;;0,026266;1;0,026266;0;4,900660192
0,99467;0,0035854;0;-0,0013919;;0,026292;1;0,026292;0;4,905659183
0,99473;0,0035862;0;-0,0013918;;0,026319;1;0,026319;0;4,910845052
0,9948;0,003587;0;-0,0013918;;0,026346;1;0,026346;0;4,916055929
0,99486;0,0035878;0;-0,0013917;;0,026373;1;0,026373;0;4,921242421
0,99492;0,0035886;0;-0,0013917;;0,026399;1;0,026399;0;4,926242605
0,99498;0,0035894;0;-0,0013916;;0,026426;1;0,026426;0;4,93142969
0,99504;0,0035902;0;-0,0013915;;0,026453;1;0,026453;0;4,936617074
0,9951;0,0035911;0;-0,0013915;;0,02648;1;0,02648;0;4,941804758
0,99516;0,0035919;0;-0,0013914;;0,026506;1;0,026506;0;4,946806112
0,99523;0,0035927;0;-0,0013914;;0,026533;1;0,026533;0;4,952019267
0,99529;0,0035935;0;-0,0013913;;0,02656;1;0,02656;0;4,957207868
0,99535;0,0035943;0;-0,0013913;;0,026586;1;0,026586;0;4,96221012
0,99541;0,0035951;0;-0,0013912;;0,026613;1;0,026613;0;4,967399314
0,99547;0,0035959;0;-0,0013911;;0,02664;1;0,02664;0;4,972588807
0,99553;0,0035968;0;-0,0013911;;0,026667;1;0,026667;0;4,977778599
0,9956;0,0035976;0;-0,001391;;0,026693;1;0,026693;0;4,982807044
0,99566;0,0035984;0;-0,001391;;0,02672;1;0,02672;0;4,987997454
